dataset,rms_mean,rms_std,std_mean,std_std,skewness_mean,skewness_std,peak_to_peak_mean,peak_to_peak_std,qcd_mean,qcd_std,kurtosis_mean,kurtosis_std,iqr_mean,iqr_std,variance_mean,variance_std,crest_factor_mean,crest_factor_std
AGR.361,0.22847309363685883,0.03566950856749915,0.22846807708134048,0.035683707091110434,0.13342617552671104,0.06434186563116215,1.44291029566,0.22379255125018085,-34.58450895715353,11.971468456680975,-0.5792688142519987,0.15757436561479163,0.34263071580899995,0.055749250293639724,0.05345825592749183,0.010609967500306388,3.3814286880273086,0.2736162969468548
AGR.561,0.23653246387007074,0.043079695227625815,0.23653155296862696,0.043081780497695524,0.1752465451437622,0.06815026906036872,2.02001439584,0.3788333400672336,-33.7976605258498,24.327270051696253,0.10584715333953121,0.06941403331319272,0.315539412617,0.057482906275464825,0.05778465496249345,0.015841697809803452,4.618720870391087,0.43530291245649416
BIS.361,0.10896274188296279,0.01053640552595097,0.10895439257752575,0.010537245699586037,0.0028657890933406404,0.06802844596529725,0.8031469792999999,0.06050139111754049,9800.777626154351,69485.14613892922,-0.2786500005997179,0.034307349153277975,0.15171729564999997,0.014395628542277888,0.011980982873401668,0.002224881836056718,3.785219680487647,0.1878348079337285
BSK.362,0.26410543857405505,0.00843426665714956,0.264105147089285,0.008434277460705832,-0.010599965932928335,0.029225176622036927,2.121685244117647,0.08074089176280934,25968.447238431225,135561.8552277599,-0.11331408885851513,0.04649748462935816,0.36144734431372544,0.013824021277258881,0.06982196833341264,0.004472354839349247,4.06626046121076,0.2597096301071605
